id,first_name,last_name,email
1,Leupold,O'Bruen,lobruen0@amazon.com
2,Jeth,Witton,jwitton1@businessinsider.com
3,Amalie,Matuszynski,amatuszynski2@nature.com
4,Derick,MacConnechie,dmacconnechie3@intel.com
5,Ferrel,Kerss,fkerss4@spotify.com
6,Mattheus,Cassar,mcassar5@state.gov
7,Marjory,Sheber,msheber6@g.co
8,Natala,Swadon,nswadon7@opera.com
9,Dorella,Eicheler,deicheler8@seesaa.net
10,Amata,Bartrap,abartrap9@tuttocitta.it
11,Amye,Ghidoli,aghidolia@1und1.de
12,Arleyne,Hamnet,ahamnetb@sohu.com
13,Forster,Artindale,fartindalec@constantcontact.com
14,Flossie,Gration,fgrationd@edublogs.org
15,Jodi,Skipton,jskiptone@friendfeed.com
16,Monro,Dowsey,mdowseyf@scientificamerican.com
17,Jaye,Peacham,jpeachamg@infoseek.co.jp
18,Dix,Madsen,dmadsenh@msn.com
19,Kerwin,Branchflower,kbranchfloweri@bloglines.com
20,Angelique,Vautin,avautinj@ocn.ne.jp
21,Aubrey,Borell,aborellk@ehow.com
22,Chance,Ballard,cballardl@salon.com
23,Morgun,Fairbairn,mfairbairnm@a8.net
24,Edan,Godard,egodardn@storify.com
25,Austen,Shapera,ashaperao@redcross.org
26,Audrie,Dimbylow,adimbylowp@vk.com
27,Tillie,Bewly,tbewlyq@mtv.com
28,Chantalle,Frany,cfranyr@globo.com
29,Rosetta,Millson,rmillsons@nasa.gov
30,Gabey,Meiklejohn,gmeiklejohnt@icq.com
31,Thibaut,Skally,tskallyu@cisco.com
32,Lilah,Kiss,lkissv@cnet.com
33,Rorke,Blackett,rblackettw@shareasale.com
34,Roarke,Drane,rdranex@51.la
35,Lynn,O'Tierney,lotierneyy@columbia.edu
36,Agata,Stormouth,astormouthz@upenn.edu
37,Talbert,Feechan,tfeechan10@who.int
38,Nettle,Biskup,nbiskup11@census.gov
39,Muire,Burn,mburn12@ftc.gov
40,Merell,MacKnocker,mmacknocker13@fastcompany.com
41,Davidde,Radbourn,dradbourn14@hostgator.com
42,Dari,Frosdick,dfrosdick15@shop-pro.jp
43,Raimondo,Christall,rchristall16@ask.com
44,Christie,Busst,cbusst17@marketwatch.com
45,Shaine,Foddy,sfoddy18@bravesites.com
46,Lina,Kemwall,lkemwall19@hp.com
47,Prentiss,Brickett,pbrickett1a@cloudflare.com
48,Julina,Grunwall,jgrunwall1b@scientificamerican.com
49,Bette,Aloshikin,baloshikin1c@360.cn
50,Allissa,Lochhead,alochhead1d@domainmarket.com
51,Caye,Bursnell,cbursnell1e@admin.ch
52,Robbert,Given,rgiven1f@epa.gov
53,Rubi,Goodere,rgoodere1g@networksolutions.com
54,Myrwyn,Kilfeather,mkilfeather1h@cnbc.com
55,Delbert,Holdall,dholdall1i@adobe.com
56,Mirna,Castaneda,mcastaneda1j@nifty.com
57,Byron,Slayny,bslayny1k@virginia.edu
58,Lonnard,Jell,ljell1l@imageshack.us
59,Sibylla,Pettingall,spettingall1m@washingtonpost.com
60,Staffard,Pedycan,spedycan1n@odnoklassniki.ru
61,Kaylil,Conws,kconws1o@sitemeter.com
62,Judas,Lindholm,jlindholm1p@businesswire.com
63,Camille,Liebrecht,cliebrecht1q@unblog.fr
64,Floria,Speechly,fspeechly1r@ihg.com
65,Mirelle,Emmens,memmens1s@reference.com
66,Paulina,Isard,pisard1t@domainmarket.com
67,Bathsheba,Roft,broft1u@smugmug.com
68,Mord,Kingscott,mkingscott1v@edublogs.org
69,Evangelina,Baldacchi,ebaldacchi1w@acquirethisname.com
70,Skip,Maycey,smaycey1x@msu.edu
71,Harley,Brabbins,hbrabbins1y@mapquest.com
72,Eileen,Lamberteschi,elamberteschi1z@msu.edu
73,Basilio,Purchall,bpurchall20@bing.com
74,Prisca,Lenham,plenham21@over-blog.com
75,Kevan,Fidler,kfidler22@hibu.com
76,Cass,Swansborough,cswansborough23@yahoo.com
77,Alana,Trase,atrase24@goo.gl
78,Iosep,Woolacott,iwoolacott25@latimes.com
79,Kermit,Zarfat,kzarfat26@thetimes.co.uk
80,Stefan,Whiston,swhiston27@vkontakte.ru
81,Gerladina,Bellows,gbellows28@cdc.gov
82,Hollie,Noury,hnoury29@fema.gov
83,Crissie,Giovannacc@i,cgiovannacci2a@pbs.org
84,Vilma,Franzel,vfranzel2b@utexas.edu
85,Vania,Sydes,vsydes2c@hatena.ne.jp
86,Minetta,Goldhill,mgoldhill2d@huffingtonpost.com
87,Tracie,Edwicker,tedwicker2e@webeden.co.uk
88,Odelinda,Skirrow,oskirrow2f@godaddy.com
89,Jonathon,Clues,jclues2g@youtube.com
90,Lancelot,Awdry,lawdry2h@abc.net.au
91,Sayre,Uden,suden2i@mapquest.com
92,Ula,Wallworke,uwallworke2j@woothemes.com
93,Levy,Lipscombe,llipscombe2k@freewebs.com
94,Kessia,Quixley,kquixley2l@yellowpages.com
95,Craggy,Drioli,cdrioli2m@wix.com
96,Marcy,Palomba,mpalomba2n@4shared.com
97,Rori,Ainsby,rainsby2o@netvibes.com
98,Isa,Perllman,iperllman2p@jiathis.com
99,Ashly,Frisch,afrisch2q@feedburner.com
100,Linette,Chandler,lchandler2r@huffingtonpost.com
101,Wiley,Shales,wshales2s@marketwatch.com
102,Thorny,Lumsdon,tlumsdon2t@rambler.ru
103,Laure,Chalfont,lchalfont2u@amazon.co.uk
104,Kellia,Applewhaite,kapplewhaite2v@plala.or.jp
105,Raul,Fishleigh,rfishleigh2w@macromedia.com
106,Roshelle,Kegan,rkegan2x@devhub.com
107,Lind,Georges,lgeorges2y@howstuffworks.com
108,Lonnard,Blick,lblick2z@shinystat.com
109,Dmitri,Grange,dgrange30@cbc.ca
110,Olimpia,Videler,ovideler31@wikimedia.org
111,Jorgan,Whistlecraft,jwhistlecraft32@guardian.co.uk
112,Eloisa,Klousner,eklousner33@icio.us
113,Fifine,Ferroni,fferroni34@prnewswire.com
114,Jamaal,Crotty,jcrotty35@kickstarter.com
115,Marlie,Quaif,mquaif36@narod.ru
116,Eddy,Grass,egrass37@xrea.com
117,Carolin,Giannazzo,cgiannazzo38@freewebs.com
118,Kesley,Gyves,kgyves39@hostgator.com
119,Spencer,Baldrey,sbaldrey3a@stanford.edu
120,Georgie,Ikin,gikin3b@bizjournals.com
121,Felice,Soares,fsoares3c@ox.ac.uk
122,Mitch,MacKeever,mmackeever3d@nasa.gov
123,Paolo,Petrusch,ppetrusch3e@blinklist.com
124,Ingemar,Marshalleck,imarshalleck3f@skype.com
125,Norrie,L' Estrange,nlestrange3g@ocn.ne.jp
126,Georgena,O' Finan,gofinan3h@loc.gov
127,Kathi,Pocke,kpocke3i@blogspot.com
128,Terri,Vuittet,tvuittet3j@parallels.com
129,Georgianne,Cansfield,gcansfield3k@newyorker.com
130,Dulsea,Cardnell,dcardnell3l@cbslocal.com
131,Robenia,Orry,rorry3m@utexas.edu
132,Lucho,Crepin,lcrepin3n@globo.com
133,Aleksandr,Warham,awarham3o@twitpic.com
134,Martita,Welbourn,mwelbourn3p@canalblog.com
135,Lacy,Borman,lborman3q@mozilla.org
136,Pryce,McTrustey,pmctrustey3r@statcounter.com
137,Harold,Lory,hlory3s@hatena.ne.jp
138,Valentia,Abramcik,vabramcik3t@elpais.com
139,Brett,Ezele,bezele3u@webs.com
140,Ilaire,Folbige,ifolbige3v@blogs.com
141,Sibley,Batham,sbatham3w@unesco.org
142,Austen,Scrace,ascrace3x@w3.org
143,Burke,Biner,bbiner3y@jigsy.com
144,Vernor,Bartleman,vbartleman3z@mashable.com
145,Algernon,Tredwell,atredwell40@yahoo.co.jp
146,Micheline,Merryweather,mmerryweather41@yandex.ru
147,Hubie,Algy,halgy42@webmd.com
148,Stanley,Alldis,salldis43@usnews.com
149,Rasla,Niessen,rniessen44@scribd.com
150,Lainey,Claiton,lclaiton45@slideshare.net
151,Lucias,Hannabus,lhannabus46@usda.gov
152,Zeb,Ketts,zketts47@techcrunch.com
153,Bekki,Haney,bhaney48@cbc.ca
154,Packston,Yakunin,pyakunin49@last.fm
155,Rhiamon,Arnason,rarnason4a@nbcnews.com
156,Lulu,Wragge,lwragge4b@amazon.de
157,Nickie,Hollows,nhollows4c@posterous.com
158,Jennine,Denisyuk,jdenisyuk4d@cdc.gov
159,Robinett,Tremblett,rtremblett4e@odnoklassniki.ru
160,Adaline,Fudger,afudger4f@java.com
161,Rees,Shevlan,rshevlan4g@wix.com
162,Pru,Shiel,pshiel4h@hatena.ne.jp
163,Cilka,Vogl,cvogl4i@jugem.jp
164,Rosaline,Kingh,rkingh4j@mit.edu
165,Liana,Durno,ldurno4k@delicious.com
166,Minni,Corballis,mcorballis4l@sina.com.cn
167,Wilona,Deal,wdeal4m@jimdo.com
168,Judd,Banton,jbanton4n@google.com
169,Saleem,Caiger,scaiger4o@amazon.de
170,Angie,Blanchette,ablanchette4p@bravesites.com
171,Aggie,Paskerful,apaskerful4q@ebay.co.uk
172,Ban,Abramsky,babramsky4r@columbia.edu
173,Sileas,Lamport,slamport4s@umich.edu
174,Haven,Donaher,hdonaher4t@gravatar.com
175,Seymour,Stanbrooke,sstanbrooke4u@tiny.cc
176,Harlan,Pennoni,hpennoni4v@statcounter.com
177,Catha,MacKnight,cmacknight4w@exblog.jp
178,Janeczka,Kingescot,jkingescot4x@canalblog.com
179,Malanie,Mixer,mmixer4y@sourceforge.net
180,Jewell,Nockells,jnockells4z@123-reg.co.uk
181,Gardiner,Triplett,gtriplett50@telegraph.co.uk
182,Veronika,Eden,veden51@ask.com
183,Deloria,Manley,dmanley52@usnews.com
184,Shirleen,Oloman,soloman53@mapquest.com
185,Elle,Beynon,ebeynon54@com.com
186,Victoir,Dyas,vdyas55@state.tx.us
187,Yves,Syder,ysyder56@pinterest.com
188,Eugenius,Byneth,ebyneth57@salon.com
189,Ximenes,Dalston,xdalston58@noaa.gov
190,Eve,Brocking,ebrocking59@businessinsider.com
191,Laney,Elsy,lelsy5a@4shared.com
192,Magdalen,Fateley,mfateley5b@goo.gl
193,Phillie,Bragginton,pbragginton5c@sitemeter.com
194,Frazier,Michelin,fmichelin5d@gizmodo.com
195,Kathie,Fritchly,kfritchly5e@ucoz.ru
196,Bertram,Brunn,bbrunn5f@parallels.com
197,Dani,Strut,dstrut5g@archive.org
198,Andres,Bruckstein,abruckstein5h@hp.com
199,Kean,Bargh,kbargh5i@salon.com
200,Jessalyn,Leney,jleney5j@scribd.com
201,Dierdre,Janus,djanus5k@macromedia.com
202,Mason,Eloi,meloi5l@freewebs.com
203,Erma,Von Salzberg,evonsalzberg5m@pagesperso-orange.fr
204,Morgana,Courtonne,mcourtonne5n@elpais.com
205,Talbert,Dacks,tdacks5o@ovh.net
206,Eugenio,Stading,estading5p@economist.com
207,Claribel,Bartosik,cbartosik5q@i2i.jp
208,Kora,Hinckes,khinckes5r@dmoz.org
209,Katherina,Proback,kproback5s@cnbc.com
210,Marlow,Goter,mgoter5t@creativecommons.org
211,Merell,Skocroft,mskocroft5u@hexun.com
212,Elna,Vigrass,evigrass5v@narod.ru
213,Kial,Goodge,kgoodge5w@sakura.ne.jp
214,Adriena,Goodrum,agoodrum5x@bravesites.com
215,Hobie,Elcoat,helcoat5y@house.gov
216,Kalila,Justis,kjustis5z@sfgate.com
217,Bidget,Treadaway,btreadaway60@examiner.com
218,Linn,Stiebler,lstiebler61@etsy.com
219,Van,Lansley,vlansley62@is.gd
220,Carlen,Niezen,cniezen63@yolasite.com
221,Nell,Aime,naime64@yahoo.co.jp
222,Byran,Relton,brelton65@youku.com
223,Trista,Syrie,tsyrie66@about.me
224,Dori,Glozman,dglozman67@clickbank.net
225,Ezra,Corain,ecorain68@bloglines.com
226,Grata,Tranter,gtranter69@newyorker.com
227,Flo,Espy,fespy6a@cloudflare.com
228,Josey,McGifford,jmcgifford6b@ox.ac.uk
229,Idalina,Ferreres,iferreres6c@abc.net.au
230,Alley,Jaulmes,ajaulmes6d@tuttocitta.it
231,Hailey,Lansbury,hlansbury6e@ca.gov
232,Dolph,Walaron,dwalaron6f@zimbio.com
233,Carina,Vyel,cvyel6g@lycos.com
234,Monte,Antunes,mantunes6h@cloudflare.com
235,Amii,Thouless,athouless6i@google.pl
236,Verge,Kean,vkean6j@abc.net.au
237,Marci,Canape,mcanape6k@delicious.com
238,Isadora,Ormistone,iormistone6l@deviantart.com
239,Kele,Jakucewicz,kjakucewicz6m@twitpic.com
240,Sayre,Warstall,swarstall6n@wix.com
241,Graham,Peeke-Vout,gpeekevout6o@google.nl
242,Babbette,Machan,bmachan6p@ed.gov
243,Benji,MacPeice,bmacpeice6q@reddit.com
244,Gavra,Mathissen,gmathissen6r@omniture.com
245,Garret,Geaney,ggeaney6s@1688.com
246,Whittaker,Farens,wfarens6t@mail.ru
247,Germain,Licciardi,glicciardi6u@ox.ac.uk
248,Kristyn,Kalberer,kkalberer6v@woothemes.com
249,Kristyn,Fieller,kfieller6w@yolasite.com
250,Cchaddie,Echalie,cechalie6x@msn.com
251,Shelia,Lias,slias6y@google.com.br
252,Bobinette,Maytum,bmaytum6z@oaic.gov.au
253,Cyrus,Biskupski,cbiskupski70@shutterfly.com
254,Windy,Buxcey,wbuxcey71@psu.edu
255,Ferrell,Puckinghorne,fpuckinghorne72@youku.com
256,Auberon,D'Ambrogio,adambrogio73@vimeo.com
257,Laurel,Cluff,lcluff74@cmu.edu
258,Quinn,Itzak,qitzak75@umn.edu
259,Pamela,Floyd,pfloyd76@yahoo.com
260,Vittorio,Titcom,vtitcom77@yahoo.com
261,Madeleine,Cauley,mcauley78@ted.com
262,Gweneth,Haythorne,ghaythorne79@yahoo.com
263,Stuart,Sparling,ssparling7a@redcross.org
264,Noby,Hartop,nhartop7b@furl.net
265,Doro,Carthew,dcarthew7c@nationalgeographic.com
266,Loreen,Dreghorn,ldreghorn7d@amazon.com
267,Cherida,Gamell,cgamell7e@w3.org
268,Gage,Thunnercliff,gthunnercliff7f@spiegel.de
269,Dawna,De Banke,ddebanke7g@shinystat.com
270,Scott,Calles,scalles7h@google.com.hk
271,Hieronymus,Aingel,haingel7i@amazon.com
272,Barbara,Hutchinges,bhutchinges7j@ifeng.com
273,Sandra,Whitford,swhitford7k@disqus.com
274,Hobey,Haugeh,hhaugeh7l@over-blog.com
275,Freddy,McNish,fmcnish7m@trellian.com
276,Ivory,Baitson,ibaitson7n@examiner.com
277,Kale,Walthew,kwalthew7o@liveinternet.ru
278,Ardra,Hosten,ahosten7p@chicagotribune.com
279,Augy,Roostan,aroostan7q@bloomberg.com
280,Cody,Kivlin,ckivlin7r@aol.com
281,Arlin,Posner,aposner7s@businessweek.com
282,Donnajean,Holdron,dholdron7t@nih.gov
283,Franchot,Hoy,fhoy7u@amazon.com
284,Cristiano,Froggatt,cfroggatt7v@last.fm
285,Mikaela,Groucutt,mgroucutt7w@unblog.fr
286,Ekaterina,Hewertson,ehewertson7x@jigsy.com
287,Dorelia,Polden,dpolden7y@cbsnews.com
288,Vinny,Schimke,vschimke7z@slashdot.org
289,Randal,Snoxall,rsnoxall80@squarespace.com
290,Estrella,Dymick,edymick81@dailymotion.com
291,Sibyl,Coneybeare,sconeybeare82@ask.com
292,Glen,Scotsbrook,gscotsbrook83@ca.gov
293,Louisa,Hintzer,lhintzer84@usgs.gov
294,Faydra,Simonard,fsimonard85@amazonaws.com
295,Beryl,Coyle,bcoyle86@example.com
296,Ernest,Newbegin,enewbegin87@w3.org
297,Madelaine,Glyde,mglyde88@blinklist.com
298,Anna-maria,Thebes,athebes89@oaic.gov.au
299,Corby,Heffernon,cheffernon8a@auda.org.au
300,Odelia,Broadist,obroadist8b@geocities.jp
301,Gabby,Bolus,gbolus8c@statcounter.com
302,Baron,Pirolini,bpirolini8d@oakley.com
303,Jandy,Ashburner,jashburner8e@alibaba.com
304,Batsheva,Thurley,bthurley8f@nyu.edu
305,Barclay,Gabbat,bgabbat8g@icio.us
306,Jane,Truscott,jtruscott8h@plala.or.jp
307,Helene,Hedworth,hhedworth8i@aol.com
308,Tann,Iscowitz,tiscowitz8j@independent.co.uk
309,Eleanore,Allred,eallred8k@godaddy.com
310,Romonda,Sandys,rsandys8l@cafepress.com
311,Lizabeth,Shakelady,lshakelady8m@amazonaws.com
312,Barret,Luttgert,bluttgert8n@loc.gov
313,Benedetto,Adamik,badamik8o@free.fr
314,Leola,Lafond,llafond8p@discovery.com
315,Tressa,O'Hare,tohare8q@ow.ly
316,Giselbert,Lambdon,glambdon8r@soup.io
317,Osbert,Bowlesworth,obowlesworth8s@house.gov
318,Myrwyn,Reddy,mreddy8t@fastcompany.com
319,Peder,MacKenny,pmackenny8u@opensource.org
320,Bambie,Loney,bloney8v@shutterfly.com
321,Mufi,Spriggin,mspriggin8w@addthis.com
322,Giuditta,Kuller,gkuller8x@pcworld.com
323,Carline,Imms,cimms8y@163.com
324,Lorenzo,Romain,lromain8z@aboutads.info
325,Chilton,Tomasino,ctomasino90@studiopress.com
326,Chantal,Borge,cborge91@moonfruit.com
327,Winonah,MacCarter,wmaccarter92@edublogs.org
328,Clarice,Penhaligon,cpenhaligon93@purevolume.com
329,Egan,Caville,ecaville94@epa.gov
330,Leah,O'Hagirtie,lohagirtie95@utexas.edu
331,Tamar,Dick,tdick96@qq.com
332,Chico,Abramov,cabramov97@reuters.com
333,Lucinda,Defty,ldefty98@digg.com
334,Chaim,Gillan,cgillan99@bing.com
335,Jaye,Cussons,jcussons9a@deliciousdays.com
336,Vernor,Awdry,vawdry9b@theatlantic.com
337,Phillie,Emney,pemney9c@state.tx.us
338,Walsh,Gatteridge,wgatteridge9d@un.org
339,Gertie,Suffield,gsuffield9e@techcrunch.com
340,Audrie,Vasnetsov,avasnetsov9f@google.es
341,Lothaire,Reoch,lreoch9g@shareasale.com
342,Merrielle,Neylon,mneylon9h@rakuten.co.jp
343,Ariana,Kempster,akempster9i@dmoz.org
344,Devinne,Humphrys,dhumphrys9j@boston.com
345,Nelli,Yurocjkin,nyurocjkin9k@networksolutions.com
346,Dawn,Danieli,ddanieli9l@prnewswire.com
347,Andros,Highway,ahighway9m@nyu.edu
348,Harrietta,Bettesworth,hbettesworth9n@aboutads.info
349,Arabelle,Pratchett,apratchett9o@printfriendly.com
350,Melessa,Byford,mbyford9p@behance.net
351,Francesca,De Freyne,fdefreyne9q@netscape.com
352,Kristi,McEllen,kmcellen9r@theguardian.com
353,Roselin,Thorley,rthorley9s@dedecms.com
354,Odella,Verling,overling9t@sun.com
355,Elton,Brambley,ebrambley9u@cargocollective.com
356,Brent,Drews,bdrews9v@360.cn
357,Mella,Kohler,mkohler9w@umn.edu
358,Bernardina,Rowbottom,browbottom9x@hao123.com
359,Horst,Draysey,hdraysey9y@noaa.gov
360,Kylila,Stolz,kstolz9z@moonfruit.com
361,Cindi,Maciak,cmaciaka0@theglobeandmail.com
362,Rayshell,Macconaghy,rmacconaghya1@usda.gov
363,Durant,Kacheller,dkachellera2@indiegogo.com
364,Kakalina,Clemon,kclemona3@51.la
365,Danielle,Avarne,davarnea4@businessweek.com
366,Elise,Punchard,epuncharda5@yelp.com
367,Cece,Sex,csexa6@toplist.cz
368,Vina,Osgardby,vosgardbya7@theatlantic.com
369,Cornall,De Filippis,cdefilippisa8@csmonitor.com
370,Courtenay,Coytes,ccoytesa9@dedecms.com
371,Vivia,Dengel,vdengelaa@who.int
372,Jermayne,Oneile,joneileab@reference.com
373,Sherman,Davidofski,sdavidofskiac@deviantart.com
374,Susy,Arguile,sarguilead@mozilla.com
375,Darin,Maillard,dmaillardae@chron.com
376,Hewitt,Kirlin,hkirlinaf@techcrunch.com
377,Maximilianus,Saffer,msafferag@un.org
378,Wynnie,Abeles,wabelesah@cargocollective.com
379,Maddie,Smouten,msmoutenai@unicef.org
380,Janene,Oldknowe,joldknoweaj@usda.gov
381,Welby,Yashin,wyashinak@shinystat.com
382,Atlante,Fidelus,afidelusal@umich.edu
383,Garrard,Biasi,gbiasiam@ca.gov
384,Selene,Nickell,snickellan@skype.com
385,Lilith,Retchford,lretchfordao@sfgate.com
386,Kenna,Alwen,kalwenap@imgur.com
387,Sharron,Binstead,sbinsteadaq@wunderground.com
388,Rawley,Braundt,rbraundtar@mtv.com
389,Kathe,Chessor,kchessoras@state.tx.us
390,Francene,Sketcher,fsketcherat@dion.ne.jp
391,Bing,Drennan,bdrennanau@dedecms.com
392,Sherie,Hundy,shundyav@utexas.edu
393,Karry,Benstead,kbensteadaw@cbsnews.com
394,Latashia,Domsalla,ldomsallaax@blogspot.com
395,Kathrine,Celes,kcelesay@netscape.com
396,Ruthie,Wallwood,rwallwoodaz@examiner.com
397,Fanechka,Rymer,frymerb0@nsw.gov.au
398,Marthe,Yurchishin,myurchishinb1@ed.gov
399,Bobbie,Pyrton,bpyrtonb2@paginegialle.it
400,Bennie,Burgoyne,bburgoyneb3@jugem.jp
401,Foster,Woodroof,fwoodroofb4@spotify.com
402,Dorolice,Fitzroy,dfitzroyb5@amazon.co.uk
403,Ola,Tedder,otedderb6@miitbeian.gov.cn
404,Roberto,Croxall,rcroxallb7@pagesperso-orange.fr
405,Catherina,Sennett,csennettb8@histats.com
406,Tabina,Player,tplayerb9@mail.ru
407,Grove,Macklin,gmacklinba@umn.edu
408,Louella,Catherall,lcatherallbb@squidoo.com
409,Justino,MacTrustie,jmactrustiebc@mail.ru
410,Darelle,Ostrich,dostrichbd@seesaa.net
411,Harri,Gonnelly,hgonnellybe@twitter.com
412,Allsun,Edds,aeddsbf@flavors.me
413,Marla,Bendel,mbendelbg@princeton.edu
414,Dennie,Richarz,dricharzbh@list-manage.com
415,Sally,Francescotti,sfrancescottibi@eventbrite.com
416,Kale,Volonte,kvolontebj@japanpost.jp
417,Nikita,Monaghan,nmonaghanbk@amazon.co.uk
418,Ninetta,Click,nclickbl@purevolume.com
419,Clay,Speeks,cspeeksbm@yelp.com
420,Ophelie,Cranmore,ocranmorebn@prlog.org
421,Morganica,Seckom,mseckombo@earthlink.net
422,Tobi,Albery,talberybp@shareasale.com
423,Nat,Bisp,nbispbq@hubpages.com
424,Christy,Crighton,ccrightonbr@mapquest.com
425,Seana,Blacklawe,sblacklawebs@seattletimes.com
426,Thelma,Scarrott,tscarrottbt@weather.com
427,Harmonia,Shoemark,hshoemarkbu@addthis.com
428,Lotta,Trevan,ltrevanbv@deliciousdays.com
429,Zia,Yellep,zyellepbw@unblog.fr
430,Allin,Baxstare,abaxstarebx@state.tx.us
431,Claudell,Danet,cdanetby@furl.net
432,Scarlett,Patise,spatisebz@house.gov
433,Trey,Rampley,trampleyc0@devhub.com
434,Gannon,Playford,gplayfordc1@live.com
435,Norbert,Quarrington,nquarringtonc2@who.int
436,Allard,Duffet,aduffetc3@meetup.com
437,Nathanael,Dmiterko,ndmiterkoc4@tinyurl.com
438,Saudra,Worlidge,sworlidgec5@joomla.org
439,Muffin,Champion,mchampionc6@google.es
440,Galina,Barstowk,gbarstowkc7@xing.com
441,Josepha,Brunicke,jbrunickec8@fotki.com
442,Dane,Willerstone,dwillerstonec9@ftc.gov
443,Yasmin,Giovannetti,ygiovannettica@springer.com
444,Livvyy,Kitchingman,lkitchingmancb@rediff.com
445,Marvin,Tooting,mtootingcc@shop-pro.jp
446,Gabie,Longforth,glongforthcd@mediafire.com
447,Dick,Devlin,ddevlince@ask.com
448,Bealle,Salvin,bsalvincf@go.com
449,Winona,Mucklestone,wmucklestonecg@answers.com
450,Davida,Holbury,dholburych@wikimedia.org
451,Kippie,Adolfson,kadolfsonci@sohu.com
452,Lemmie,Sottell,lsottellcj@illinois.edu
453,Quintana,Scotchbrook,qscotchbrookck@merriam-webster.com
454,Kelcey,Elnaugh,kelnaughcl@netscape.com
455,Heinrik,Vitte,hvittecm@devhub.com
456,Tessi,Jozefczak,tjozefczakcn@nydailynews.com
457,Pall,de Courcey,pdecourceyco@nba.com
458,Renell,Collar,rcollarcp@moonfruit.com
459,Buck,Riddiough,briddioughcq@digg.com
460,Rolf,Pheby,rphebycr@theatlantic.com
461,Lazare,Seneschal,lseneschalcs@merriam-webster.com
462,Malchy,Minchi,mminchict@theguardian.com
463,Talyah,Osburn,tosburncu@paginegialle.it
464,Vivianna,Whitefoot,vwhitefootcv@privacy.gov.au
465,Charlotta,Swait,cswaitcw@nifty.com
466,Durant,Awdry,dawdrycx@apple.com
467,Luca,Ashenhurst,lashenhurstcy@cloudflare.com
468,Reiko,Tomblings,rtomblingscz@addtoany.com
469,Tynan,Kemetz,tkemetzd0@over-blog.com
470,Peterus,Leitche,pleitched1@toplist.cz
471,Tedman,Freeborne,tfreeborned2@simplemachines.org
472,Obie,Tolworthy,otolworthyd3@nbcnews.com
473,Jamil,Elstub,jelstubd4@dagondesign.com
474,Sim,Diggin,sdiggind5@kickstarter.com
475,Bentley,Pattini,bpattinid6@tmall.com
476,Brew,Sijmons,bsijmonsd7@deviantart.com
477,Gael,Samwayes,gsamwayesd8@ucla.edu
478,Nichole,Passion,npassiond9@blogspot.com
479,Willetta,Pecha,wpechada@addthis.com
480,Melvyn,Scritch,mscritchdb@mac.com
481,Dedie,Barnwell,dbarnwelldc@ox.ac.uk
482,Harmony,Bremond,hbremonddd@newsvine.com
483,Correna,Happs,chappsde@printfriendly.com
484,Kathlin,Shawcroft,kshawcroftdf@behance.net
485,Warden,Bransden,wbransdendg@shop-pro.jp
486,Torrey,Scardefield,tscardefielddh@youtu.be
487,Clim,Sandercock,csandercockdi@meetup.com
488,Jerry,Moppett,jmoppettdj@eventbrite.com
489,Devonna,Kun,dkundk@ehow.com
490,Ivy,Bratch,ibratchdl@mozilla.com
491,Jyoti,Hebborn,jhebborndm@thetimes.co.uk
492,Edyth,Haines,ehainesdn@tumblr.com
493,Nannette,Tiuit,ntiuitdo@ezinearticles.com
494,Stephani,Dearsley,sdearsleydp@hud.gov
495,Audrey,Doncom,adoncomdq@sohu.com
496,Gardy,Strettell,gstrettelldr@who.int
497,Jess,Wells,jwellsds@t.co
498,Trude,Cownden,tcowndendt@nature.com
499,Chico,Stemp,cstempdu@techcrunch.com
500,Salomi,Winley,swinleydv@twitter.com
501,Thaddus,Tippin,ttippindw@ebay.co.uk
502,Selia,Merrien,smerriendx@google.ca
503,Matteo,Pretty,mprettydy@answers.com
504,Alexio,McVicar,amcvicardz@xrea.com
505,Adan,Voller,avollere0@fc2.com
506,Xymenes,Hamblyn,xhamblyne1@moonfruit.com
507,Tull,Wilprecht,twilprechte2@kickstarter.com
508,Jenine,Ikins,jikinse3@youtu.be
509,Molli,Tuplin,mtupline4@howstuffworks.com
510,Joleen,Mundle,jmundlee5@twitter.com
511,Sammie,Hallan,shallane6@scientificamerican.com
512,Lucila,Bradnum,lbradnume7@army.mil
513,Melina,Scoble,mscoblee8@mozilla.com
514,Terrye,Houlahan,thoulahane9@un.org
515,Loni,Harborow,lharborowea@surveymonkey.com
516,Garnette,Bathoe,gbathoeeb@hao123.com
517,Culley,Leythley,cleythleyec@deviantart.com
518,Vanya,Atherton,vathertoned@latimes.com
519,Andromache,Seymour,aseymouree@ameblo.jp
520,Merralee,Chace,mchaceef@google.com.hk
521,Claus,Willshere,cwillshereeg@nba.com
522,Mair,Collingridge,mcollingridgeeh@g.co
523,Lesya,Schruyers,lschruyersei@hubpages.com
524,Eward,Rafe,erafeej@dmoz.org
525,Hildegarde,Atley,hatleyek@cnn.com
526,Wyn,Sherry,wsherryel@clickbank.net
527,Maurene,Brunskill,mbrunskillem@spiegel.de
528,Gannon,Matchett,gmatchetten@yahoo.co.jp
529,Sharyl,O'Hoey,sohoeyeo@bloomberg.com
530,Violante,Shone,vshoneep@prnewswire.com
531,Waneta,Pretty,wprettyeq@multiply.com
532,Rolfe,MacGillavery,rmacgillaveryer@1und1.de
533,Barbey,Gallihaulk,bgallihaulkes@pagesperso-orange.fr
534,Stephani,Sillitoe,ssillitoeet@nytimes.com
535,Sissie,Oldaker,soldakereu@icio.us
536,Fawn,Karus,fkarusev@tumblr.com
537,Herb,Coat,hcoatew@boston.com
538,Carlos,Siggee,csiggeeex@w3.org
539,Karna,Neljes,kneljesey@wsj.com
540,Crosby,Aynsley,caynsleyez@addthis.com
541,Werner,Polye,wpolyef0@gnu.org
542,Lindi,Gibling,lgiblingf1@census.gov
543,Jessalin,Hymus,jhymusf2@bloomberg.com
544,Sharlene,Nassi,snassif3@a8.net
545,Blake,Jasiak,bjasiakf4@fc2.com
546,Shane,Purslow,spurslowf5@yahoo.co.jp
547,Kelcey,Larmet,klarmetf6@webmd.com
548,Georgia,Symers,gsymersf7@alexa.com
549,Kerrill,Trood,ktroodf8@smh.com.au
550,Maryann,Basey,mbaseyf9@vkontakte.ru
551,Hester,Urion,hurionfa@tinypic.com
552,Cathryn,Gary,cgaryfb@cornell.edu
553,Xerxes,Eyre,xeyrefc@stanford.edu
554,Harwell,Kermannes,hkermannesfd@msu.edu
555,Annalise,Louiset,alouisetfe@vkontakte.ru
556,Doy,Grime,dgrimeff@go.com
557,Cal,Gosford,cgosfordfg@addtoany.com
558,Pauly,Heak,pheakfh@ow.ly
559,Kaleena,Bather,kbatherfi@nytimes.com
560,Benedikta,Wrightem,bwrightemfj@acquirethisname.com
561,Mickie,Veeler,mveelerfk@issuu.com
562,Arabella,Dunabie,adunabiefl@nymag.com
563,Cammie,Brimmacombe,cbrimmacombefm@msn.com
564,Luke,Freezer,lfreezerfn@mozilla.com
565,Maddalena,O'Quin,moquinfo@wix.com
566,Catherina,Belderson,cbeldersonfp@google.cn
567,Wilbur,Lewton,wlewtonfq@discovery.com
568,Linn,Vassay,lvassayfr@squidoo.com
569,Valina,Gandley,vgandleyfs@mayoclinic.com
570,Kennett,Thaine,kthaineft@bluehost.com
571,Care,Izatt,cizattfu@blogger.com
572,Dede,Grewcock,dgrewcockfv@pagesperso-orange.fr
573,Marlena,Mincini,mmincinifw@feedburner.com
574,Patsy,Bengle,pbenglefx@yellowbook.com
575,Merwyn,Kenion,mkenionfy@xinhuanet.com
576,Gilemette,Lethby,glethbyfz@epa.gov
577,Merwyn,Parkhouse,mparkhouseg0@yolasite.com
578,Omero,Vaen,ovaeng1@yahoo.co.jp
579,Yvette,Kepe,ykepeg2@discuz.net
580,Fredia,Tiller,ftillerg3@bandcamp.com
581,Ariella,Steinor,asteinorg4@dion.ne.jp
582,Urson,Thoma,uthomag5@ocn.ne.jp
583,Esther,Scain,escaing6@purevolume.com
584,Augustine,Elesander,aelesanderg7@nytimes.com
585,Irving,Sexton,isextong8@mozilla.com
586,Pierson,Guidetti,pguidettig9@fda.gov
587,Daffie,Mowling,dmowlingga@who.int
588,Deva,Genge,dgengegb@unc.edu
589,Eugenius,Pimm,epimmgc@webs.com
590,Amaleta,Nesby,anesbygd@twitter.com
591,Ulick,Slamaker,uslamakerge@weather.com
592,Lock,Zum Felde,lzumfeldegf@accuweather.com
593,Jobie,Sharphouse,jsharphousegg@webeden.co.uk
594,Briano,Ciciotti,bciciottigh@edublogs.org
595,Fredi,Lacroux,flacrouxgi@sciencedirect.com
596,Rey,Yeell,ryeellgj@wired.com
597,Manda,London,mlondongk@blinklist.com
598,Cordi,Densham,cdenshamgl@nsw.gov.au
599,Timothy,Shewon,tshewongm@delicious.com
600,Annaliese,Fero,aferogn@nature.com
601,Adriaens,Colbron,acolbrongo@ehow.com
602,Magdaia,Degoey,mdegoeygp@tripadvisor.com
603,Addy,Nilges,anilgesgq@ibm.com
604,Wynn,Lang,wlanggr@ycombinator.com
605,Kermie,Cordelle,kcordellegs@jalbum.net
606,Ann-marie,Phateplace,aphateplacegt@free.fr
607,Emile,Stitson,estitsongu@loc.gov
608,Igor,Leving,ilevinggv@upenn.edu
609,Fabien,Claypoole,fclaypoolegw@canalblog.com
610,Willi,Enston,wenstongx@taobao.com
611,Ellissa,Vezey,evezeygy@nba.com
612,Morena,Bennen,mbennengz@wisc.edu
613,Veradis,Prynne,vprynneh0@fda.gov
614,Patricia,Champness,pchampnessh1@github.com
615,Skippy,Donativo,sdonativoh2@arstechnica.com
616,Padgett,Hatherley,phatherleyh3@economist.com
617,Katie,Ivanchin,kivanchinh4@joomla.org
618,Kippie,Perrot,kperroth5@github.io
619,Gianna,McNeilly,gmcneillyh6@mapquest.com
620,Alisa,Fletcher,afletcherh7@apache.org
621,Luce,Tonks,ltonksh8@icio.us
622,Nat,McBeath,nmcbeathh9@privacy.gov.au
623,Dill,Hulk,dhulkha@mlb.com
624,Calida,Yekel,cyekelhb@studiopress.com
625,Atalanta,Murrock,amurrockhc@home.pl
626,Darice,Teresia,dteresiahd@reverbnation.com
627,Kacey,Ferres,kferreshe@over-blog.com
628,Jamie,Franschini,jfranschinihf@surveymonkey.com
629,Karl,O' Mulderrig,komulderrighg@feedburner.com
630,Glynda,Ordidge,gordidgehh@multiply.com
631,Ynes,Morson,ymorsonhi@wiley.com
632,Hermie,Gummary,hgummaryhj@skyrock.com
633,Drusy,Jeanequin,djeanequinhk@alexa.com
634,Cymbre,Rothman,crothmanhl@tripadvisor.com
635,Katy,Chaffen,kchaffenhm@senate.gov
636,Annabella,Hawkslee,ahawksleehn@hibu.com
637,Kassi,Michelotti,kmichelottiho@joomla.org
638,Minnnie,Marwood,mmarwoodhp@indiatimes.com
639,Sephira,Salack,ssalackhq@phoca.cz
640,Darlene,Stapley,dstapleyhr@blinklist.com
641,Pebrook,Hamley,phamleyhs@pen.io
642,Markus,Drummond,mdrummondht@google.com.au
643,Mateo,Marczyk,mmarczykhu@ning.com
644,Bjorn,Bonifazio,bbonifaziohv@angelfire.com
645,Jacky,Dunthorn,jdunthornhw@netscape.com
646,Fran,Simek,fsimekhx@liveinternet.ru
647,Carlin,Brolechan,cbrolechanhy@eventbrite.com
648,Lydia,MacFaul,lmacfaulhz@fotki.com
649,Rachel,Gencke,rgenckei0@biglobe.ne.jp
650,Tripp,Paggitt,tpaggitti1@yahoo.co.jp
651,Valera,Folder,vfolderi2@craigslist.org
652,Devlin,Virgoe,dvirgoei3@bbb.org
653,Petr,Maundrell,pmaundrelli4@hao123.com
654,Uriah,Avrashin,uavrashini5@economist.com
655,Paulina,Pailin,ppailini6@vinaora.com
656,Phylis,Bilam,pbilami7@seesaa.net
657,Rowe,Jentin,rjentini8@hatena.ne.jp
658,Jake,Devonshire,jdevonshirei9@springer.com
659,Son,Gounod,sgounodia@amazon.co.jp
660,Prent,Beetlestone,pbeetlestoneib@phpbb.com
661,Channa,Callen,ccallenic@mlb.com
662,Hart,Ruhben,hruhbenid@amazon.co.jp
663,Helenelizabeth,Sodeau,hsodeauie@drupal.org
664,Estrellita,Larner,elarnerif@homestead.com
665,Dell,Girod,dgirodig@cornell.edu
666,Ewell,Baignard,ebaignardih@auda.org.au
667,Neddy,Churchlow,nchurchlowii@mysql.com
668,Ted,Kock,tkockij@cargocollective.com
669,Louisa,Winson,lwinsonik@reverbnation.com
670,Demott,Liell,dliellil@tripadvisor.com
671,Jobie,Breffit,jbreffitim@sohu.com
672,Harli,McKerron,hmckerronin@tripod.com
673,Sheelagh,Basezzi,sbasezziio@acquirethisname.com
674,Ely,Scoble,escobleip@gov.uk
675,Aldus,Safhill,asafhilliq@rambler.ru
676,Phylys,Dearing,pdearingir@csmonitor.com
677,Mac,Adicot,madicotis@sakura.ne.jp
678,Roxane,Goodlet,rgoodletit@yale.edu
679,Alvy,Devanney,adevanneyiu@vistaprint.com
680,Ralf,Quin,rquiniv@ft.com
681,Reider,Ferres,rferresiw@pinterest.com
682,Claudelle,Rawet,crawetix@com.com
683,Peta,Livingstone,plivingstoneiy@economist.com
684,Lefty,Raiman,lraimaniz@sbwire.com
685,Sybila,Selwood,sselwoodj0@squidoo.com
686,Juieta,Worthington,jworthingtonj1@cam.ac.uk
687,Chiquia,McGhie,cmcghiej2@columbia.edu
688,Shelton,Casaroli,scasarolij3@netvibes.com
689,Broddie,Braime,bbraimej4@cafepress.com
690,Denice,Racine,dracinej5@reuters.com
691,Merci,Jarmyn,mjarmynj6@boston.com
692,Tynan,Vickarman,tvickarmanj7@hud.gov
693,Aharon,Rimmington,arimmingtonj8@diigo.com
694,Georgette,Yanne,gyannej9@boston.com
695,Hamil,Dickon,hdickonja@ft.com
696,Jude,Gaishson,jgaishsonjb@addthis.com
697,Farleigh,Heifer,fheiferjc@amazon.co.jp
698,Jodie,Greenard,jgreenardjd@cpanel.net
699,Salvatore,Ilson,silsonje@intel.com
700,Devin,Cawthry,dcawthryjf@cmu.edu
701,Neely,Keilloh,nkeillohjg@abc.net.au
702,Angelle,McLae,amclaejh@about.me
703,Idell,Tuffey,ituffeyji@msu.edu
704,Bram,Gahan,bgahanjj@usa.gov
705,Uriel,Goodliffe,ugoodliffejk@geocities.jp
706,Elbertina,Klemenz,eklemenzjl@apple.com
707,Isiahi,Capron,icapronjm@google.fr
708,Domenic,Bestwerthick,dbestwerthickjn@flavors.me
709,Maryann,Quenell,mquenelljo@nih.gov
710,Catie,Gavahan,cgavahanjp@blogs.com
711,Arin,Gallety,agalletyjq@princeton.edu
712,Ruttger,Iashvili,riashvilijr@cornell.edu
713,Caressa,Woolmer,cwoolmerjs@cisco.com
714,Ferd,McConnel,fmcconneljt@hc360.com
715,Humfrey,Drummer,hdrummerju@unicef.org
716,Gussie,Melendez,gmelendezjv@amazon.co.uk
717,Vivia,Bricknell,vbricknelljw@ed.gov
718,Wat,Vondrasek,wvondrasekjx@oakley.com
719,Liuka,Garron,lgarronjy@webeden.co.uk
720,Emelen,Gabbatiss,egabbatissjz@alexa.com
721,Gardner,Simmgen,gsimmgenk0@guardian.co.uk
722,Phylys,Rubega,prubegak1@smh.com.au
723,Leyla,Harlin,lharlink2@hostgator.com
724,Paige,Cansdell,pcansdellk3@google.co.uk
725,Jarid,Dabbs,jdabbsk4@issuu.com
726,Ben,Lilley,blilleyk5@github.com
727,Neddy,Tatters,ntattersk6@histats.com
728,Haily,Belin,hbelink7@yahoo.com
729,Aguistin,O' Mullan,aomullank8@hhs.gov
730,Chiarra,Southwell,csouthwellk9@ftc.gov
731,Delmar,Boydle,dboydleka@vkontakte.ru
732,Kassandra,Paolotto,kpaolottokb@fotki.com
733,Merralee,Wilber,mwilberkc@army.mil
734,Margarete,Illingsworth,millingsworthkd@time.com
735,Joela,Minney,jminneyke@buzzfeed.com
736,Courtenay,Gianettini,cgianettinikf@odnoklassniki.ru
737,Pyotr,Vassie,pvassiekg@free.fr
738,Stevana,Surr,ssurrkh@arizona.edu
739,Della,Korb,dkorbki@kickstarter.com
740,Ashlen,Jeayes,ajeayeskj@ibm.com
741,Miquela,Corps,mcorpskk@wikipedia.org
742,Loreen,Hartas,lhartaskl@yale.edu
743,Zorine,Worden,zwordenkm@nba.com
744,Dickie,Mutimer,dmutimerkn@so-net.ne.jp
745,Ignatius,Elliott,ielliottko@fda.gov
746,Port,Gloy,pgloykp@icio.us
747,Jeanelle,Koba,jkobakq@about.me
748,Pancho,Blemings,pblemingskr@amazonaws.com
749,Tanitansy,Saltsberger,tsaltsbergerks@intel.com
750,Claudio,Conre,cconrekt@bloomberg.com
751,Lenka,Nannetti,lnannettiku@usa.gov
752,Barbee,Skahill,bskahillkv@arstechnica.com
753,Tobe,Boyes,tboyeskw@tmall.com
754,Shoshana,Blowfield,sblowfieldkx@github.com
755,Rance,Gainsborough,rgainsboroughky@tinypic.com
756,Tiffanie,Alliot,talliotkz@sakura.ne.jp
757,Dmitri,McGahey,dmcgaheyl0@xrea.com
758,Bordie,Perello,bperellol1@acquirethisname.com
759,Fanni,Preedy,fpreedyl2@google.ru
760,Hildegarde,Braime,hbraimel3@godaddy.com
761,Vic,Vasyutin,vvasyutinl4@cocolog-nifty.com
762,Lenette,Sudddard,lsudddardl5@goodreads.com
763,Lil,Langham,llanghaml6@php.net
764,Karrie,Corhard,kcorhardl7@geocities.jp
765,Neall,Edington,nedingtonl8@about.me
766,Ariel,Abela,aabelal9@princeton.edu
767,Sterne,Cockill,scockillla@techcrunch.com
768,Mike,Martinovic,mmartinoviclb@uol.com.br
769,Bradford,Blamire,bblamirelc@house.gov
770,Rikki,Minchenton,rminchentonld@gizmodo.com
771,Onida,Loudwell,oloudwellle@mail.ru
772,Berri,Jobke,bjobkelf@wufoo.com
773,Elisabeth,Tuxwell,etuxwelllg@cpanel.net
774,Birch,Bierton,bbiertonlh@bandcamp.com
775,Bartram,Tromans,btromansli@blogger.com
776,Vincenty,Pulford,vpulfordlj@stanford.edu
777,Richmond,Lappine,rlappinelk@barnesandnoble.com
778,Bette-ann,Mackelworth,bmackelworthll@4shared.com
779,Cary,McKinney,cmckinneylm@cnet.com
780,Marylinda,Wildish,mwildishln@springer.com
781,Gery,Wear,gwearlo@fc2.com
782,Agneta,Aylmer,aaylmerlp@gnu.org
783,Lilas,Wardel,lwardellq@livejournal.com
784,Barton,Casellas,bcasellaslr@cornell.edu
785,Vilhelmina,Lamps,vlampsls@uol.com.br
786,Harrison,Streetley,hstreetleylt@dedecms.com
787,Trudie,Asken,taskenlu@devhub.com
788,Maris,Beine,mbeinelv@mashable.com
789,Starr,Nickell,snickelllw@abc.net.au
790,Katrinka,Clail,kclaillx@loc.gov
791,Herbie,Laherty,hlahertyly@msu.edu
792,Harman,Laming,hlaminglz@youtube.com
793,Palm,Paulucci,ppauluccim0@webs.com
794,Christi,Ede,cedem1@berkeley.edu
795,Julee,Roskilly,jroskillym2@wufoo.com
796,Nichole,Wayland,nwaylandm3@youtu.be
797,Simona,Cerith,scerithm4@artisteer.com
798,Benedicta,Slark,bslarkm5@networkadvertising.org
799,Arline,Beckmann,abeckmannm6@twitpic.com
800,Regen,MacWilliam,rmacwilliamm7@quantcast.com
801,Thayne,Elliker,tellikerm8@zdnet.com
802,Zorana,Denyakin,zdenyakinm9@icq.com
803,Bert,Morl,bmorlma@cornell.edu
804,Alan,Nucciotti,anucciottimb@google.com.br
805,Sinclair,Tesyro,stesyromc@ucsd.edu
806,Dianna,Palmer,dpalmermd@instagram.com
807,Elane,Dallyn,edallynme@nbcnews.com
808,Ahmed,Vautier,avautiermf@livejournal.com
809,Alva,Janson,ajansonmg@live.com
810,Jeniffer,Maevela,jmaevelamh@wisc.edu
811,Yvette,Larmet,ylarmetmi@redcross.org
812,Weston,La Torre,wlatorremj@whitehouse.gov
813,Hi,Tal,htalmk@hud.gov
814,Kendrick,Husbands,khusbandsml@marketwatch.com
815,North,Sexcey,nsexceymm@creativecommons.org
816,Vi,Pincked,vpinckedmn@icio.us
817,Sylvia,Franzotto,sfranzottomo@mysql.com
818,Ciel,Fridlington,cfridlingtonmp@engadget.com
819,Jammie,Basler,jbaslermq@gnu.org
820,Celestina,Kolinsky,ckolinskymr@issuu.com
821,Brennan,Fassum,bfassumms@hatena.ne.jp
822,Yolanda,Lamminam,ylamminammt@over-blog.com
823,Chelsey,Bastian,cbastianmu@google.fr
824,Hall,Krale,hkralemv@yellowpages.com
825,Arnold,Carruthers,acarruthersmw@cdbaby.com
826,Rafaelita,Carmichael,rcarmichaelmx@epa.gov
827,Edan,Adcock,eadcockmy@hugedomains.com
828,Phyllida,Volkes,pvolkesmz@plala.or.jp
829,Dorella,Powter,dpowtern0@sitemeter.com
830,Sandie,Lowdiane,slowdianen1@patch.com
831,Martyn,George,mgeorgen2@blogtalkradio.com
832,Lisabeth,Rillstone,lrillstonen3@nih.gov
833,Ritchie,Caughan,rcaughann4@mail.ru
834,Cristie,Luten,clutenn5@omniture.com
835,Stirling,Durward,sdurwardn6@infoseek.co.jp
836,Carmita,Crucitti,ccrucittin7@jugem.jp
837,Morganica,Jurkiewicz,mjurkiewiczn8@blinklist.com
838,Karoly,Lawman,klawmann9@ning.com
839,Reuben,Beaty,rbeatyna@woothemes.com
840,Thomasin,Russon,trussonnb@ucoz.com
841,Elysia,Squibbes,esquibbesnc@chronoengine.com
842,Caren,Dowrey,cdowreynd@squidoo.com
843,Cacilia,Kupper,ckupperne@cornell.edu
844,Freemon,Heenan,fheenannf@psu.edu
845,Fransisco,Patrick,fpatrickng@merriam-webster.com
846,Kippie,Larmet,klarmetnh@cafepress.com
847,Callie,Marchment,cmarchmentni@japanpost.jp
848,Persis,Leyburn,pleyburnnj@bbc.co.uk
849,Suki,McEvay,smcevaynk@people.com.cn
850,Edan,Crook,ecrooknl@harvard.edu
851,Daloris,Pinchbeck,dpinchbecknm@ifeng.com
852,Morly,Hansemann,mhansemannnn@reverbnation.com
853,Nealson,Ovell,novellno@wordpress.org
854,Arte,Branchett,abranchettnp@123-reg.co.uk
855,Alejandra,Annesley,aannesleynq@sfgate.com
856,Florencia,Hairsine,fhairsinenr@addtoany.com
857,Corrie,McMichell,cmcmichellns@virginia.edu
858,Gregorio,Garz,ggarznt@msu.edu
859,Mariejeanne,Monteith,mmonteithnu@123-reg.co.uk
860,Kleon,Britch,kbritchnv@soup.io
861,Batholomew,Fannin,bfanninnw@upenn.edu
862,Corabel,De Miranda,cdemirandanx@redcross.org
863,Iolanthe,Mazin,imazinny@nyu.edu
864,Matias,Wherrett,mwherrettnz@lulu.com
865,Jarad,Tomasik,jtomasiko0@hhs.gov
866,Niel,Cridland,ncridlando1@spiegel.de
867,Philomena,Kinforth,pkinfortho2@salon.com
868,Daniel,Wathey,dwatheyo3@angelfire.com
869,Gardener,Antognetti,gantognettio4@alibaba.com
870,Isa,Osler,ioslero5@fda.gov
871,Cliff,Josephi,cjosephio6@irs.gov
872,Orella,McComish,omccomisho7@unblog.fr
873,Chariot,Pickard,cpickardo8@imageshack.us
874,Ula,Jenyns,ujenynso9@soup.io
875,Leicester,Kubec,lkubecoa@marriott.com
876,Elyssa,Myott,emyottob@aboutads.info
877,Anallese,Mobley,amobleyoc@google.com.hk
878,Rollins,Macieja,rmaciejaod@theglobeandmail.com
879,Meredithe,Puig,mpuigoe@mapy.cz
880,Ethelin,Odger,eodgerof@eventbrite.com
881,Beryl,MacCarrane,bmaccarraneog@google.pl
882,Dorelia,Mattheis,dmattheisoh@lulu.com
883,Jecho,Egentan,jegentanoi@jugem.jp
884,Silvia,Bondy,sbondyoj@howstuffworks.com
885,Dagny,Butler,dbutlerok@youku.com
886,Boycie,Yitzhak,byitzhakol@soup.io
887,Salome,Carnew,scarnewom@tiny.cc
888,Nehemiah,Bullers,nbullerson@diigo.com
889,Neils,Puckey,npuckeyoo@ocn.ne.jp
890,Sammy,Vause,svauseop@elpais.com
891,Obidiah,Marzella,omarzellaoq@mac.com
892,Gerrard,Smewin,gsmewinor@auda.org.au
893,Burlie,Dayly,bdaylyos@ameblo.jp
894,Latisha,Workes,lworkesot@mit.edu
895,Miof mela,Chandlar,mchandlarou@blinklist.com
896,Jessalin,Norster,jnorsterov@csmonitor.com
897,Heinrick,Roseman,hrosemanow@engadget.com
898,Masha,Lagden,mlagdenox@squidoo.com
899,Cassandry,Kacheller,ckachelleroy@acquirethisname.com
900,Elmira,Tallant,etallantoz@artisteer.com
901,Randene,Coverdale,rcoverdalep0@wp.com
902,Debee,Howen,dhowenp1@psu.edu
903,Skelly,Jouannot,sjouannotp2@oaic.gov.au
904,Paulie,Gullivent,pgulliventp3@icq.com
905,Jacklyn,Farrears,jfarrearsp4@phoca.cz
906,Dov,Insoll,dinsollp5@cnn.com
907,Midge,Salkeld,msalkeldp6@apple.com
908,Almeria,Von Oertzen,avonoertzenp7@squidoo.com
909,Illa,Carff,icarffp8@reddit.com
910,Judi,Chessel,jchesselp9@sun.com
911,Bibi,Rendell,brendellpa@pinterest.com
912,Bernardo,Johnsee,bjohnseepb@reference.com
913,Ransom,McKinn,rmckinnpc@ustream.tv
914,Florina,Jannaway,fjannawaypd@ted.com
915,Lizbeth,Jewett,ljewettpe@gov.uk
916,Carina,Feathersby,cfeathersbypf@nymag.com
917,Daloris,Lennon,dlennonpg@redcross.org
918,Joceline,Budnik,jbudnikph@techcrunch.com
919,Frank,Mace,fmacepi@soundcloud.com
920,Gustavus,Evett,gevettpj@taobao.com
921,Garrek,Timmes,gtimmespk@pcworld.com
922,Judith,Donnachie,jdonnachiepl@buzzfeed.com
923,Shelley,Moorhead,smoorheadpm@twitter.com
924,Mariel,Farncomb,mfarncombpn@1und1.de
925,Jarid,Shillabear,jshillabearpo@sciencedirect.com
926,Heall,Endrizzi,hendrizzipp@sina.com.cn
927,Bernie,Girhard,bgirhardpq@angelfire.com
928,Micky,Bimson,mbimsonpr@storify.com
929,Janaya,Barnshaw,jbarnshawps@ucla.edu
930,Karmen,Scholes,kscholespt@hatena.ne.jp
931,Cherye,Dellatorre,cdellatorrepu@discuz.net
932,Marley,Saundercock,msaundercockpv@reverbnation.com
933,Omero,Blasdale,oblasdalepw@berkeley.edu
934,Freeland,Plester,fplesterpx@geocities.com
935,Freddy,Moncey,fmonceypy@uiuc.edu
936,Malynda,Blower,mblowerpz@dropbox.com
937,James,Coneybeare,jconeybeareq0@nydailynews.com
938,Kittie,Jedras,kjedrasq1@huffingtonpost.com
939,Kelsey,Jahncke,kjahnckeq2@constantcontact.com
940,Perry,Ducker,pduckerq3@sciencedaily.com
941,Iain,Eborn,iebornq4@oaic.gov.au
942,Lowell,Beuscher,lbeuscherq5@nationalgeographic.com
943,Peterus,Cuncarr,pcuncarrq6@usgs.gov
944,Elysia,Braga,ebragaq7@hostgator.com
945,Milly,Wabersich,mwabersichq8@hao123.com
946,Margaux,Preator,mpreatorq9@usatoday.com
947,Xylia,Haselhurst,xhaselhurstqa@disqus.com
948,Stefano,Yuille,syuilleqb@nba.com
949,Derward,Bolletti,dbollettiqc@unc.edu
950,Sallyann,Enrico,senricoqd@chron.com
951,Zsazsa,Streeting,zstreetingqe@tinyurl.com
952,Trudey,Wattinham,twattinhamqf@columbia.edu
953,Sasha,Lishmund,slishmundqg@vk.com
954,Becka,Joliffe,bjoliffeqh@youku.com
955,Gwynne,Heasly,gheaslyqi@rakuten.co.jp
956,Elisabeth,Cleeves,ecleevesqj@narod.ru
957,Codie,Aloshechkin,caloshechkinqk@altervista.org
958,Pierrette,Keld,pkeldql@ted.com
959,Ronalda,Carine,rcarineqm@marketwatch.com
960,Malena,Gowman,mgowmanqn@zimbio.com
961,Goran,Canner,gcannerqo@prweb.com
962,Carmine,Bernardo,cbernardoqp@spiegel.de
963,Kali,Keen,kkeenqq@alexa.com
964,Leonardo,Grioli,lgrioliqr@google.ru
965,Ferdy,Croxley,fcroxleyqs@imgur.com
966,Zaccaria,Galfour,zgalfourqt@simplemachines.org
967,Bonnee,Pargeter,bpargeterqu@histats.com
968,Markos,Eudall,meudallqv@netvibes.com
969,Karyn,McGurgan,kmcgurganqw@liveinternet.ru
970,Marlena,Brindley,mbrindleyqx@pen.io
971,Hesther,Phette,hphetteqy@wufoo.com
972,Kasper,Stollsteimer,kstollsteimerqz@bloglovin.com
973,Sue,Pancoust,spancoustr0@virginia.edu
974,Marieann,O'Bradane,mobradaner1@census.gov
975,Willie,Maddison,wmaddisonr2@latimes.com
976,Micheal,Richemont,mrichemontr3@tinypic.com
977,Guillaume,Scardafield,gscardafieldr4@parallels.com
978,Mommy,Dreger,mdregerr5@nature.com
979,Leelah,Lune,lluner6@fema.gov
980,Aubrey,Causby,acausbyr7@answers.com
981,Von,Woolf,vwoolfr8@tripadvisor.com
982,Giulio,Lawrance,glawrancer9@blogtalkradio.com
983,Donni,Raith,draithra@instagram.com
984,Rolando,Sommerlin,rsommerlinrb@netvibes.com
985,Freemon,Burvill,fburvillrc@sun.com
986,Randall,Diche,rdicherd@mit.edu
987,Lisa,Ketcher,lketcherre@tripadvisor.com
988,Marie,Couronne,mcouronnerf@ask.com
989,Nanette,O'Sheils,nosheilsrg@w3.org
990,Andrew,Wetter,awetterrh@opera.com
991,Danette,Castanho,dcastanhori@state.gov
992,Lynea,Fresson,lfressonrj@sina.com.cn
993,Faber,Hynson,fhynsonrk@freewebs.com
994,Byron,Blurton,bblurtonrl@arstechnica.com
995,Enriqueta,Edmand,eedmandrm@webeden.co.uk
996,Mallissa,Boyton,mboytonrn@tinypic.com
997,Irving,Ortner,iortnerro@instagram.com
998,Harlan,Wisher,hwisherrp@harvard.edu
999,Heidi,Gregor,hgregorrq@jugem.jp
1000,Vanny,Raiston,vraistonrr@163.com
